1.55.183.173,80,dahua
14.161.14.220,80,hikvision
14.160.221.50,80,hikvision
1.53.129.144,80,dahua
1.54.94.153,80,dahua
1.55.146.34,80,dahua
1.52.180.70,80,hikvision
1.53.128.245,80,dahua
1.55.205.86,80,hikvision
1.52.254.38,80,hikvision
1.53.139.154,80,hikvision
1.53.171.114,80,hikvision
1.52.234.139,80,hikvision
1.52.79.175,80,hikvision
14.160.150.173,80,hikvision
1.54.81.242,80,dahua
14.160.134.52,81,hikvision
1.54.98.133,80,hikvision
1.55.30.95,80,hikvision
1.55.206.122,80,dahua
1.54.172.160,80,hikvision
1.55.11.105,80,hikvision
1.53.184.201,80,dahua
1.53.253.143,80,hikvision
1.52.242.101,80,hikvision
14.160.105.36,80,hikvision
1.54.178.113,82,hikvision
1.53.10.130,80,hikvision
14.160.205.116,80,hikvision
1.55.75.124,81,hikvision
1.52.120.74,80,hikvision
1.53.128.82,80,dahua
1.54.129.73,80,hikvision
1.53.130.241,80,hikvision
1.55.20.44,80,hikvision
1.52.120.142,80,hikvision
1.55.235.192,80,hikvision
1.54.4.93,80,hikvision
1.54.148.30,80,hikvision
1.53.248.253,80,hikvision
1.52.118.229,80,hikvision
1.53.188.147,81,hikvision
1.53.183.109,80,dahua
1.55.5.98,80,hikvision
1.55.123.244,80,hikvision
1.55.128.81,81,hikvision
1.52.192.110,80,hikvision
1.53.26.214,80,hikvision
1.53.128.7,80,hikvision
1.53.73.146,80,hikvision
1.53.28.158,8081,dahua
1.53.175.162,81,hikvision
1.55.87.181,81,hikvision
1.55.122.45,81,hikvision
1.55.58.57,80,hikvision
1.53.19.2,85,hikvision
1.53.253.82,81,hikvision
1.55.250.243,80,dahua
1.54.25.119,82,hikvision
1.55.205.103,80,hikvision
14.160.107.211,85,hikvision
1.54.48.111,80,hikvision
1.54.88.56,80,hikvision
14.161.34.142,80,hikvision
14.160.161.239,80,hikvision
1.55.185.113,80,hikvision
1.53.73.117,80,hikvision
1.55.75.143,80,hikvision
1.54.163.197,80,hikvision
14.161.41.54,81,hikvision
1.54.127.164,80,hikvision
1.53.62.146,85,hikvision
14.160.144.66,80,hikvision
1.54.17.132,82,hikvision
1.54.168.247,80,hikvision
1.54.46.241,81,hikvision
1.55.135.132,8081,dahua
1.52.121.223,85,xiongmai
1.54.4.174,8081,dahua
1.54.222.162,81,hikvision
1.52.180.62,81,hikvision
1.53.175.248,80,hikvision
1.53.176.162,81,hikvision
1.53.61.80,80,hikvision
1.53.192.225,85,hikvision
1.54.184.199,81,hikvision
1.54.59.39,81,hikvision
14.161.89.185,80,hikvision
1.53.155.244,80,hikvision
1.53.41.8,81,hikvision
1.54.40.227,81,hikvision
1.54.164.15,80,hikvision
1.54.34.156,81,hikvision
1.52.233.71,80,hikvision
1.52.186.79,80,hikvision
1.53.61.53,80,hikvision
1.54.124.230,80,hikvision
1.55.102.105,80,hikvision
1.53.182.53,80,hikvision
1.55.58.26,80,hikvision
14.161.6.23,81,hikvision
1.54.158.36,81,hikvision
1.53.143.132,88,hikvision
1.52.120.173,80,hikvision
1.53.143.144,80,hikvision
14.0.20.67,80,hikvision
1.52.215.92,80,hikvision
1.53.91.248,80,hikvision
1.55.102.44,81,hikvision
1.55.19.83,80,hikvision
1.54.28.103,82,hikvision
1.54.92.109,80,hikvision
1.55.92.241,81,hikvision
14.160.252.183,80,hikvision
1.53.92.145,80,hikvision
1.55.79.125,81,hikvision
1.55.155.116,81,hikvision
1.53.43.138,81,hikvision
1.55.178.48,80,hikvision
1.54.224.86,81,hikvision
1.54.183.70,80,hikvision
1.55.250.204,80,hikvision
14.161.102.57,80,hikvision
14.160.161.232,80,hikvision
1.55.3.39,80,hikvision
1.52.8.178,81,hikvision
14.160.206.250,80,hikvision
1.52.52.234,81,hikvision
1.52.142.16,80,hikvision
14.160.24.26,80,hikvision
1.52.166.150,81,hikvision
1.54.137.117,81,hikvision
1.53.10.71,81,hikvision
14.161.6.142,81,hikvision
14.160.238.85,81,hikvision
14.161.34.250,81,hikvision
1.54.75.114,80,hikvision
1.55.182.171,80,hikvision
1.53.76.16,80,hikvision
1.55.184.170,80,hikvision
1.55.209.157,80,hikvision
1.53.104.145,88,hikvision
1.53.249.36,88,hikvision
1.52.52.172,85,hikvision
1.54.40.102,88,hikvision
1.54.134.54,82,hikvision
1.53.129.218,80,hikvision
1.52.251.244,81,hikvision
1.55.51.9,81,hikvision
1.55.187.197,80,hikvision
1.55.199.226,80,hikvision
1.54.144.50,80,dahua
1.55.27.171,80,hikvision
1.55.141.117,81,hikvision
1.54.27.187,80,hikvision
1.54.247.216,80,hikvision
1.55.224.79,80,dahua
1.53.70.63,80,hikvision
1.54.240.233,80,hikvision
1.52.255.99,80,hikvision
1.53.203.10,80,hikvision
1.54.27.215,80,hikvision
1.54.63.39,81,hikvision
14.161.82.169,8080,dahua
1.55.3.132,88,hikvision
1.52.123.107,88,hikvision
1.53.19.146,82,hikvision
14.160.131.61,81,hikvision
14.161.115.129,81,hikvision
1.55.51.175,88,hikvision
1.55.198.15,85,hikvision
1.55.59.40,88,hikvision
1.55.90.181,81,hikvision
14.160.25.71,81,hikvision
1.53.15.248,88,hikvision
1.54.163.73,8081,dahua
1.53.76.3,80,dahua
1.55.117.164,80,dahua
14.160.99.173,81,hikvision
1.53.139.74,88,hikvision
1.55.228.196,85,hikvision
1.54.46.49,80,dahua
1.55.226.60,80,hikvision
14.161.28.35,81,hikvision
14.160.192.18,88,hikvision
14.161.12.167,88,hikvision
1.52.126.87,88,hikvision
1.54.227.28,81,dahua
14.160.32.43,85,hikvision
1.55.78.67,88,hikvision
14.160.200.218,80,dahua
14.161.6.236,88,hikvision
1.54.245.193,88,hikvision
1.55.92.58,88,hikvision
1.54.172.40,88,hikvision
1.53.70.95,88,hikvision
14.160.70.30,88,hikvision
1.54.179.67,88,hikvision
14.160.251.99,80,dahua
1.53.73.146,81,hikvision
14.160.150.173,81,hikvision
14.160.105.36,81,hikvision
14.160.238.85,82,hikvision
1.53.253.143,81,hikvision
1.55.183.173,8080,dahua
1.54.116.191,85,hikvision
14.161.34.250,82,hikvision
1.52.169.173,8000,dahua
1.52.121.49,81,hikvision
1.52.233.71,81,hikvision
1.53.92.145,81,hikvision
1.54.48.69,82,hikvision
14.161.115.129,82,hikvision
1.53.14.241,81,hikvision
14.160.99.173,82,hikvision
1.54.129.73,88,hikvision
14.161.30.54,85,hikvision
14.160.105.36,82,hikvision
1.54.235.212,80,dvr
1.55.135.229,80,hikvision
1.53.233.203,80,dvr
1.52.188.170,80,dvr
1.52.169.173,8001,dahua
14.161.100.95,85,xiongmai
1.53.73.140,8081,hikvision
1.55.79.135,8080,hikvision
1.54.222.202,81,hikvision
1.54.80.87,8080,hikvision
1.52.254.122,8080,hikvision
1.54.57.94,8080,hikvision
14.161.33.53,81,dahua
1.52.182.18,8080,hikvision
1.53.204.26,8080,hikvision
1.52.193.157,8080,hikvision
1.54.148.15,8181,hikvision
1.54.27.54,8001,hikvision
1.55.63.42,8001,hikvision
1.54.180.195,8181,hikvision
14.160.245.14,8080,hikvision
1.55.53.196,8080,hikvision
1.53.95.155,8080,hikvision
1.52.188.170,8181,dahua
1.53.229.61,8080,hikvision
1.55.251.132,8080,hikvision
1.53.66.230,8080,hikvision
14.160.96.150,8181,dahua
1.55.27.147,8081,hikvision
1.53.42.117,8081,hikvision
14.161.28.104,8080,hikvision
1.53.171.4,8090,hikvision
14.160.23.64,8080,hikvision
1.52.215.92,8080,hikvision
14.0.20.194,88,hikvision
1.53.24.76,8088,dahua
