1.55.228.139,80,dahua,admin,Cax18tbt,cve-2021-33044
14.160.153.70,80,dahua,admin,Dangthuha1,cve-2021-33045
14.160.245.18,80,dahua,admin,Ubnt@2023,cve-2021-33044
1.54.219.101,80,dahua,admin,Ct123456,cve-2021-33045
1.54.20.199,80,dahua,admin,admin,cve-2021-33045
1.53.253.48,80,dahua,admin,hieuhanh126,cve-2021-33045
1.54.231.87,80,dahua,admin,qwer@1234,cve-2021-33044
1.54.48.69,81,dahua,admin,abcd1234,cve-2021-33045
14.161.30.54,81,hikvision,admin,abc12345,hikvision-weak-password
1.55.107.8,8080,dahua,admin,admin12345,dahua-weak-password
1.53.148.2,80,dahua,admin,chymdajbang0804,cve-2021-33045
1.55.5.231,8080,dahua,admin,quynhloc123,cve-2021-33044
1.54.69.18,80,dahua,admin,duantaihoa93,cve-2021-33045
1.53.175.146,82,dahua,admin,123abc456,cve-2021-33045
14.0.17.108,88,dahua,admin,@dmin123,cve-2021-33045
1.54.224.78,8080,dahua,admin,admin123456,cve-2021-33045
14.161.100.95,84,xiongmai,admin,12345admin,xiongmai-weak-password
