178.207.31.64,80,hikvision,admin,admin12345,hikvision-weak-password
178.205.105.71,80,dahua,admin,123456,cve-2021-33045
178.205.107.211,80,dahua,admin,admin,cve-2021-33045
78.138.128.231,80,dahua,admin,admin,cve-2021-33045
178.205.105.122,80,dahua,admin,admin,cve-2021-33045
78.138.131.62,80,dahua,admin,admin,cve-2021-33045
178.205.105.62,80,dahua,admin,admin,cve-2021-33045
109.248.41.161,8001,hikvision,,,cve-2021-36260
94.180.255.100,8080,dahua,admin,SCFQ3FhAqYDhw0,cve-2021-33044
109.248.41.161,8001,hikvision,admin,12345678q,cve-2017-7921
